"","samp_ev","exp","grp_typ","sa","la","wi","tot_ct","bmn_pgml"
"1","YBP2","IC","chlorophyte actinastrum",2.5,12.5,NA,80,8.75568572143099
"2","YBP2","FC","chlorophyte actinastrum",2.5,12.5,NA,50,12.5612368944213
"3","YBP2","T24","chlorophyte actinastrum",2.5,12.5,NA,10,3.21643836278107
"4","SJR1","FC","chlorophyte colonial",8,8,NA,6,10.7329249822419
"5","SJR1","FC","chlorophyte colonial",12,12,NA,1,5.62763155281812
"6","SJR1","FC","chlorophyte colonial",24,24,NA,2,76.0316332366991
"7","SJR1","T24","chlorophyte colonial",32,32,NA,1,101.343734194413
"8","YBP1","FC","chlorophyte colonial",12,12,NA,4,20.9132744297997
"9","WLD2","IC","chlorophyte colonial",6,6,NA,2,2.24537693910573
"10","WLD2","IC","chlorophyte colonial",6,12,NA,2,1.47217007256309
"11","WLD2","IC","chlorophyte colonial",16,16,NA,1,12.1687155029632
"12","WLD2","FC","chlorophyte colonial",10,10,NA,2,6.51245453222967
"13","WLD2","FC","chlorophyte colonial",12,12,NA,2,11.4004631211074
"14","WLD2","T24","chlorophyte colonial",8,8,NA,1,1.68118254523198
"15","LSZ2","IC","chlorophyte colonial",32,104,NA,1,89.0853374134241
"16","LSZ2","IC","chlorophyte colonial",40,40,NA,1,167.032790213318
"17","LSZ2","FC","chlorophyte colonial",10,10,NA,4,12.3767442733828
"18","LSZ2","FC","chlorophyte colonial",32,32,NA,1,89.1824860910832
"19","LSZ2","T24","chlorophyte colonial",4,4,NA,2,0.489655333036106
"20","SJR2","FC","chlorophyte colonial",10,10,NA,13,37.5157069938899
"21","YBP2","IC","chlorophyte colonial",4,16,NA,42,10.6865941931103
"22","YBP2","IC","chlorophyte colonial",6,6,NA,47,64.2154194482626
"23","YBP2","IC","chlorophyte colonial",8,8,NA,77,132.32905388536
"24","YBP2","IC","chlorophyte colonial",8,16,NA,7,8.17687195718037
"25","YBP2","IC","chlorophyte colonial",10,10,NA,19,36.7356039959422
"26","YBP2","IC","chlorophyte colonial",12,12,NA,7,43.8738623621899
"27","YBP2","IC","chlorophyte colonial",16,16,NA,20,74.3319644931244
"28","YBP2","IC","chlorophyte colonial",24,24,NA,4,182.807764801275
"29","YBP2","IC","chlorophyte colonial",32,32,NA,2,214.427209408708
"30","YBP2","IC","chlorophyte colonial",32,104,NA,2,213.260576060456
"31","YBP2","IC","chlorophyte colonial",40,40,NA,1,247.252485513136
"32","YBP2","IC","chlorophyte colonial",64,64,NA,1,788.159701176486
"33","YBP2","FC","chlorophyte colonial",4,4,NA,21,12.3732771264902
"34","YBP2","FC","chlorophyte colonial",12,12,NA,20,155.073980957805
"35","YBP2","FC","chlorophyte colonial",16,16,NA,82,1311.88388849117
"36","YBP2","FC","chlorophyte colonial",24,24,NA,3,184.030635564141
"37","YBP2","FC","chlorophyte colonial",32,32,NA,13,1639.90426985466
"38","YBP2","T24","chlorophyte colonial",6,6,NA,5,15.6811795002562
"39","YBP2","T24","chlorophyte colonial",6,12,NA,3,7.00149911151085
"40","YBP2","T24","chlorophyte colonial",10,10,NA,88,373.790689152085
"41","YBP2","T24","chlorophyte colonial",12,12,NA,3,26.1715641042912
"42","SJR1","IC","chlorophyte other",10,10,NA,6,18.2308563329072
"43","WLD2","IC","chlorophyte other",16,16,NA,1,12.1687155029632
"44","WLD2","T24","chlorophyte other",10,10,NA,11,29.9556060389731
"45","LSZ2","T24","chlorophyte other",10,10,NA,1,3.37458465577518
"46","YBP2","FC","chlorophyte other",10,10,NA,17,79.6543938468444
"47","LSZ2","IC","chlorophyte pediastrum",40,40,40,1,225.340592967432
"48","YBP2","IC","chlorophyte pediastrum",40,40,40,3,1015.09623385029
"49","YBP2","FC","chlorophyte pediastrum",16,16,16,7,265.163410045223
"50","SJR1","IC","chlorophyte scenedesmus",4,4,NA,3,0.719685741192725
"51","SJR1","IC","chlorophyte scenedesmus",4,8,NA,7,3.06404231975411
"52","SJR1","FC","chlorophyte scenedesmus",4,8,NA,3,1.37075268588933
"53","SJR1","T24","chlorophyte scenedesmus",4,8,NA,3,1.55597669459363
"54","SJR1","T24","chlorophyte scenedesmus",6,8,NA,11,11.2986535230457
"55","YBP1","IC","chlorophyte scenedesmus",4,4,NA,23,2.50419345088537
"56","YBP1","IC","chlorophyte scenedesmus",8,10,NA,3,6.30220962713554
"57","YBP1","FC","chlorophyte scenedesmus",4,4,NA,22,2.39627102178392
"58","YBP1","FC","chlorophyte scenedesmus",4,8,NA,7,2.80926174922989
"59","YBP1","FC","chlorophyte scenedesmus",8,12,NA,5,11.0169658825401
"60","YBP1","FC","chlorophyte scenedesmus",16,32,NA,1,24.5305503322316
"61","YBP1","T24","chlorophyte scenedesmus",4,4,NA,16,1.79593265649352
"62","YBP1","T24","chlorophyte scenedesmus",6,6,NA,5,3.47278164347369
"63","WLD2","IC","chlorophyte scenedesmus",4,6,NA,11,1.85462240337699
"64","WLD2","FC","chlorophyte scenedesmus",4,6,NA,3,1.10553196463212
"65","WLD2","FC","chlorophyte scenedesmus",4,8,NA,5,2.23398644609241
"66","WLD2","T24","chlorophyte scenedesmus",4,6,NA,3,0.979444710059967
"67","WLD2","T24","chlorophyte scenedesmus",4,8,NA,10,2.20411108654019
"68","LSZ2","IC","chlorophyte scenedesmus",4,6,NA,5,1.55658294199153
"69","LSZ2","IC","chlorophyte scenedesmus",8,10,NA,2,4.2410061457909
"70","LSZ2","FC","chlorophyte scenedesmus",4,6,NA,6,1.04798190691819
"71","LSZ2","FC","chlorophyte scenedesmus",14,20,NA,3,34.2577675568689
"72","LSZ2","T24","chlorophyte scenedesmus",10,16,NA,4,19.9361945440795
"73","LSZ2","T24","chlorophyte scenedesmus",16,24,NA,1,18.559916193189
"74","SJR2","IC","chlorophyte scenedesmus",4,4,NA,8,0.935699900050487
"75","SJR2","IC","chlorophyte scenedesmus",6,14,NA,9,13.9584217902555
"76","SJR2","IC","chlorophyte scenedesmus",16,32,NA,2,24.2631570212019
"77","SJR2","FC","chlorophyte scenedesmus",4,4,NA,2,0.490191060971594
"78","SJR2","FC","chlorophyte scenedesmus",4,8,NA,10,4.25491108397382
"79","SJR2","FC","chlorophyte scenedesmus",12,16,NA,1,7.36494968291248
"80","SJR2","FC","chlorophyte scenedesmus",16,32,NA,1,24.3160755752285
"81","SJR2","T24","chlorophyte scenedesmus",4,4,NA,2,0.488587382473323
"82","SJR2","T24","chlorophyte scenedesmus",4,6,NA,1,0.372116217650719
"83","SJR2","T24","chlorophyte scenedesmus",4,8,NA,6,2.63374978435133
"84","YBP2","IC","chlorophyte scenedesmus",4,6,NA,48,9.31659562313002
"85","YBP2","IC","chlorophyte scenedesmus",6,6,NA,1,1.00151466072422
"86","YBP2","IC","chlorophyte scenedesmus",8,12,NA,8,27.3837772780701
"87","YBP2","IC","chlorophyte scenedesmus",10,16,NA,7,40.8151091334489
"88","YBP2","IC","chlorophyte scenedesmus",14,20,NA,2,29.1990029282279
"89","YBP2","IC","chlorophyte scenedesmus",16,24,NA,3,65.1595055909778
"90","YBP2","IC","chlorophyte scenedesmus",16,32,NA,4,111.235500197937
"91","YBP2","FC","chlorophyte scenedesmus",4,6,NA,62,16.1613322215781
"92","YBP2","FC","chlorophyte scenedesmus",12,16,NA,3,34.2141773229227
"93","YBP2","FC","chlorophyte scenedesmus",16,24,NA,2,98.8418068959316
"94","YBP2","FC","chlorophyte scenedesmus",16,32,NA,1,67.5446543756347
"95","YBP2","T24","chlorophyte scenedesmus",4,4,NA,26,6.13171309407782
"96","YBP2","T24","chlorophyte scenedesmus",4,6,NA,41,20.207657823502
"97","YBP2","T24","chlorophyte scenedesmus",4,8,NA,14,18.1972807097643
"98","YBP2","T24","chlorophyte scenedesmus",6,8,NA,8,21.8280616288295
"99","SJR1","IC","ciliate cone",24,24,NA,261,2478.56607571081
"100","SJR1","IC","ciliate cone",32,36,NA,3,221.972196259454
"101","SJR1","FC","ciliate cone",24,24,NA,275,3143.88124749351
"102","SJR1","FC","ciliate cone",32,36,NA,5,452.655508197576
"103","SJR1","T24","ciliate cone",24,24,NA,77,820.486404127525
"104","YBP1","IC","ciliate cone",24,24,NA,85,855.507429948318
"105","YBP1","FC","ciliate cone",24,24,NA,429,4070.26077937213
"106","YBP1","FC","ciliate cone",24,40,NA,131,5900.21212410048
"107","YBP1","FC","ciliate cone",32,56,NA,1,130.557324370077
"108","YBP1","T24","ciliate cone",24,24,NA,105,1574.13458686617
"109","WLD2","IC","ciliate cone",24,24,NA,63,628.862133681719
"110","WLD2","FC","ciliate cone",24,24,NA,351,3546.17326194538
"111","WLD2","FC","ciliate cone",24,40,NA,7,377.464328056694
"112","WLD2","FC","ciliate cone",32,36,NA,2,167.370336161615
"113","WLD2","T24","ciliate cone",24,24,NA,76,741.375284050872
"114","WLD2","T24","ciliate cone",24,40,NA,1,51.2362776510143
"115","WLD2","T24","ciliate cone",40,48,NA,1,161.146452830311
"116","LSZ2","IC","ciliate cone",24,24,NA,160,1548.95626575545
"117","LSZ2","FC","ciliate cone",24,24,NA,575,5626.08320403988
"118","LSZ2","FC","ciliate cone",32,36,NA,2,165.362622205478
"119","LSZ2","FC","ciliate cone",40,48,NA,5,424.375444198797
"120","LSZ2","T24","ciliate cone",24,24,NA,102,1028.57412864964
"121","LSZ2","T24","ciliate cone",32,56,NA,1,133.784676884105
"122","SJR2","IC","ciliate cone",24,24,NA,133,1327.78402146556
"123","SJR2","IC","ciliate cone",24,40,NA,4,206.416801782242
"124","SJR2","FC","ciliate cone",24,24,NA,151,4433.13107903709
"125","SJR2","FC","ciliate cone",24,40,NA,1,52.5891832831065
"126","SJR2","T24","ciliate cone",24,24,NA,47,1407.39140463983
"127","YBP2","IC","ciliate cone",24,24,NA,210,3882.56500009508
"128","YBP2","FC","ciliate cone",16,24,NA,42,774.617792018925
"129","YBP2","FC","ciliate cone",32,56,NA,1,359.488443241225
"130","YBP2","FC","ciliate cone",40,48,NA,2,574.126655412771
"131","YBP2","T24","ciliate cone",12,20,NA,11,213.221830975303
"132","YBP2","T24","ciliate cone",16,24,NA,23,303.067557747337
"133","YBP2","T24","ciliate cone",32,36,NA,4,968.328931518276
"134","YBP2","T24","ciliate cone",40,48,NA,3,841.118017361345
"135","YBP1","IC","ciliate oblong",16,48,NA,1,54.8377332409826
"136","WLD2","IC","ciliate oblong",8,40,NA,3,17.744316761911
"137","WLD2","IC","ciliate oblong",12,56,NA,1,37.4721223779589
"138","WLD2","FC","ciliate oblong",8,20,NA,6,35.6370236515769
"139","WLD2","FC","ciliate oblong",8,72,NA,2,42.7810517173521
"140","WLD2","FC","ciliate oblong",12,32,NA,3,63.5461978081871
"141","WLD2","FC","ciliate oblong",16,32,NA,4,155.608365336605
"142","WLD2","FC","ciliate oblong",16,48,NA,4,222.135620457764
"143","WLD2","FC","ciliate oblong",40,72,NA,1,536.166214053623
"144","WLD2","T24","ciliate oblong",8,20,NA,1,5.67196360647538
"145","WLD2","T24","ciliate oblong",12,32,NA,2,20.8169576915248
"146","LSZ2","FC","ciliate oblong",40,56,NA,1,397.552742503225
"147","SJR2","IC","ciliate oblong",12,32,NA,1,21.416329735135
"148","YBP2","IC","ciliate oblong",16,48,NA,1,70.3530919019434
"149","YBP2","IC","ciliate oblong",20,64,NA,1,144.857775312645
"150","YBP2","IC","ciliate oblong",72,80,NA,1,2646.28744983874
"151","YBP2","IC","ciliate oblong",80,120,NA,1,4115.56178355466
"152","YBP2","FC","ciliate oblong",16,24,NA,6,232.47173338023
"153","YBP2","FC","ciliate oblong",20,64,NA,1,191.053400628799
"154","YBP2","FC","ciliate oblong",40,56,NA,2,2181.88004528072
"155","YBP2","FC","ciliate oblong",40,72,NA,1,839.297415592164
"156","YBP2","T24","ciliate oblong",16,24,NA,1,88.6311821124173
"157","YBP1","FC","ciliate other",19.2,32,NA,2,107.765684905552
"158","WLD2","FC","ciliate other",32,40,NA,1,185.041088106307
"159","WLD2","T24","ciliate other",16,24,NA,2,52.5155996556627
"160","SJR1","IC","ciliate other odd shape",32,136,NA,1,615.586283328461
"161","WLD2","FC","ciliate other odd shape",32,136,NA,1,646.201032577696
"162","YBP2","FC","ciliate other odd shape",32,136,NA,1,1011.54239558483
"163","SJR1","IC","ciliate round",5.5,5.5,NA,6,1.59024888735089
"164","SJR1","IC","ciliate round",9.5,9.5,NA,88,109.548804811289
"165","SJR1","IC","ciliate round",14,14,NA,75,289.833814343555
"166","SJR1","IC","ciliate round",24,24,NA,13,399.777855846168
"167","SJR1","IC","ciliate round",48,48,NA,1,439.048092691601
"168","SJR1","IC","ciliate round",56,56,NA,2,1529.73450375415
"169","SJR1","FC","ciliate round",5.5,5.5,NA,112,30.3948066646769
"170","SJR1","FC","ciliate round",9.5,9.5,NA,71,108.904613928203
"171","SJR1","FC","ciliate round",14,14,NA,186,862.971451612907
"172","SJR1","FC","ciliate round",24,24,NA,12,376.828035757744
"173","SJR1","FC","ciliate round",48,48,NA,1,487.443928252415
"174","SJR1","T24","ciliate round",5.5,5.5,NA,6,1.75937577127221
"175","SJR1","T24","ciliate round",9.5,9.5,NA,24,34.0968133511396
"176","SJR1","T24","ciliate round",14,14,NA,41,183.403582964586
"177","SJR1","T24","ciliate round",24,24,NA,10,220.742646696381
"178","YBP1","IC","ciliate round",5.5,5.5,NA,9,2.37851504064257
"179","YBP1","IC","ciliate round",9.5,9.5,NA,35,45.5754421729822
"180","YBP1","IC","ciliate round",14,14,NA,26,106.803247228394
"181","YBP1","IC","ciliate round",24,24,NA,15,463.295905043501
"182","YBP1","IC","ciliate round",40,40,NA,4,564.526754319283
"183","YBP1","IC","ciliate round",48,48,NA,1,492.818172224327
"184","YBP1","FC","ciliate round",5.5,5.5,NA,47,11.8710911689945
"185","YBP1","FC","ciliate round",9.5,9.5,NA,199,245.185702213138
"186","YBP1","FC","ciliate round",14,14,NA,128,495.991053913022
"187","YBP1","FC","ciliate round",24,24,NA,15,444.075777313429
"188","YBP1","FC","ciliate round",36,36,NA,2,416.947216557401
"189","YBP1","FC","ciliate round",40,40,NA,1,275.422392237396
"190","YBP1","FC","ciliate round",48,48,NA,1,471.782996503699
"191","YBP1","T24","ciliate round",5.5,5.5,NA,24,6.15337399308934
"192","YBP1","T24","ciliate round",9.5,9.5,NA,106,134.94169005138
"193","YBP1","T24","ciliate round",14,14,NA,56,224.558237187877
"194","YBP1","T24","ciliate round",24,24,NA,49,2782.6433435647
"195","YBP1","T24","ciliate round",40,40,NA,6,839.319206216924
"196","WLD2","IC","ciliate round",5.5,5.5,NA,8,2.12627495114552
"197","WLD2","IC","ciliate round",9.5,9.5,NA,54,69.1655176115451
"198","WLD2","IC","ciliate round",14,14,NA,35,143.502277488522
"199","WLD2","IC","ciliate round",24,24,NA,15,306.283212278346
"200","WLD2","IC","ciliate round",36,36,NA,1,200.480517775275
"201","WLD2","IC","ciliate round",40,40,NA,3,425.893005129098
"202","WLD2","FC","ciliate round",5.5,5.5,NA,71,18.6616383832878
"203","WLD2","FC","ciliate round",9.5,9.5,NA,144,188.913685126725
"204","WLD2","FC","ciliate round",14,14,NA,72,301.250030187775
"205","WLD2","FC","ciliate round",24,24,NA,25,785.45479925593
"206","WLD2","FC","ciliate round",40,40,NA,3,441.378441287078
"207","WLD2","FC","ciliate round",48,48,NA,1,515.055865375489
"208","WLD2","T24","ciliate round",5.5,5.5,NA,24,6.14069028368263
"209","WLD2","T24","ciliate round",9.5,9.5,NA,75,93.3453170613588
"210","WLD2","T24","ciliate round",14,14,NA,20,79.7619220405621
"211","WLD2","T24","ciliate round",40,40,NA,1,266.391228001754
"212","LSZ2","IC","ciliate round",5.5,5.5,NA,7,1.82854545338615
"213","LSZ2","IC","ciliate round",9.5,9.5,NA,15,19.1272310919037
"214","LSZ2","IC","ciliate round",14,14,NA,17,68.5391826942172
"215","LSZ2","IC","ciliate round",24,24,NA,2,124.458421360148
"216","LSZ2","FC","ciliate round",5.5,5.5,NA,5,2.00658920892299
"217","LSZ2","FC","ciliate round",9.5,9.5,NA,76,98.3803908112838
"218","LSZ2","FC","ciliate round",14,14,NA,54,221.157261341761
"219","LSZ2","FC","ciliate round",24,24,NA,18,546.963356759977
"220","LSZ2","T24","ciliate round",5.5,5.5,NA,3,1.22795129621035
"221","LSZ2","T24","ciliate round",9.5,9.5,NA,25,33.3569406908987
"222","LSZ2","T24","ciliate round",14,14,NA,17,70.988811278317
"223","LSZ2","T24","ciliate round",24,24,NA,3,192.370562142859
"224","LSZ2","T24","ciliate round",40,40,NA,4,1153.38909186144
"225","LSZ2","T24","ciliate round",48,48,NA,3,1441.56795481493
"226","SJR2","IC","ciliate round",5.5,5.5,NA,1,0.811904626183299
"227","SJR2","IC","ciliate round",9.5,9.5,NA,25,32.8663180579935
"228","SJR2","IC","ciliate round",14,14,NA,28,115.367619166549
"229","SJR2","IC","ciliate round",40,40,NA,5,698.618349338821
"230","SJR2","FC","ciliate round",5.5,5.5,NA,9,2.39893505581881
"231","SJR2","FC","ciliate round",9.5,9.5,NA,52,67.7424018684917
"232","SJR2","FC","ciliate round",14,14,NA,69,281.095631852223
"233","SJR2","FC","ciliate round",24,24,NA,309,9002.39384171362
"234","SJR2","FC","ciliate round",40,40,NA,3,841.573557398829
"235","SJR2","T24","ciliate round",5.5,5.5,NA,5,2.00196912347744
"236","SJR2","T24","ciliate round",9.5,9.5,NA,23,30.3097112023007
"237","SJR2","T24","ciliate round",14,14,NA,8,33.6059190215431
"238","SJR2","T24","ciliate round",24,24,NA,69,2049.75609642406
"239","SJR2","T24","ciliate round",40,40,NA,2,284.876094215612
"240","YBP2","IC","ciliate round",5.5,5.5,NA,44,14.6864397464061
"241","YBP2","IC","ciliate round",9.5,9.5,NA,64,109.93634678922
"242","YBP2","IC","ciliate round",14,14,NA,84,454.1509978912
"243","YBP2","IC","ciliate round",24,24,NA,109,9418.4053231301
"244","YBP2","IC","ciliate round",40,40,NA,2,388.823130653162
"245","YBP2","IC","ciliate round",48,48,NA,3,1792.15602652454
"246","YBP2","IC","ciliate round",120,120,NA,2,17981.2932437343
"247","YBP2","FC","ciliate round",5.5,5.5,NA,4,3.11617730967301
"248","YBP2","FC","ciliate round",9.5,9.5,NA,146,444.483874148408
"249","YBP2","FC","ciliate round",14,14,NA,80,733.717496461046
"250","YBP2","FC","ciliate round",24,24,NA,134,7941.31887013969
"251","YBP2","FC","ciliate round",36,36,NA,1,344.866991688175
"252","YBP2","FC","ciliate round",40,40,NA,9,4855.18021003502
"253","YBP2","FC","ciliate round",120,120,NA,9,76919.0811444302
"254","YBP2","T24","ciliate round",5.5,5.5,NA,19,24.4473561440575
"255","YBP2","T24","ciliate round",9.5,9.5,NA,14,54.6492769254643
"256","YBP2","T24","ciliate round",14,14,NA,28,428.938878279188
"257","YBP2","T24","ciliate round",24,24,NA,12,1112.31964273956
"258","YBP2","T24","ciliate round",40,40,NA,21,17786.7022255282
"259","YBP2","T24","ciliate round",48,48,NA,1,1443.1009304819
"260","SJR1","IC","cyanobacteria aphanizomenon",6,72,NA,1,16.2138724752475
"261","SJR1","IC","cyanobacteria aphanizomenon",8,80,NA,16,457.534320289172
"262","SJR1","FC","cyanobacteria aphanizomenon",8,80,NA,3,95.2439764449291
"263","SJR1","FC","cyanobacteria aphanizomenon",8,120,NA,6,317.479921483097
"264","SJR1","T24","cyanobacteria aphanizomenon",4,80,NA,10,80.3336335540839
"265","SJR1","T24","cyanobacteria aphanizomenon",4,128,NA,8,57.6921822065244
"266","YBP1","IC","cyanobacteria aphanizomenon",4,80,NA,2,15.517284666553
"267","YBP1","IC","cyanobacteria aphanizomenon",6,160,NA,3,108.690339823009
"268","YBP1","IC","cyanobacteria aphanizomenon",8,80,NA,35,372.279616383343
"269","YBP1","FC","cyanobacteria aphanizomenon",8,80,NA,17,545.666427342889
"270","YBP1","FC","cyanobacteria aphanizomenon",8,320,NA,1,122.911883813223
"271","YBP1","T24","cyanobacteria aphanizomenon",4,80,NA,5,39.9463622392975
"272","YBP1","T24","cyanobacteria aphanizomenon",4,128,NA,1,12.6853633115468
"273","WLD2","IC","cyanobacteria aphanizomenon",8,80,NA,106,1116.8472394399
"274","WLD2","FC","cyanobacteria aphanizomenon",8,80,NA,148,1608.88056142647
"275","WLD2","T24","cyanobacteria aphanizomenon",8,80,NA,41,619.862489233057
"276","LSZ2","IC","cyanobacteria aphanizomenon",4,80,NA,10,79.2835206971678
"277","LSZ2","FC","cyanobacteria aphanizomenon",8,80,NA,12,380.975905779716
"278","LSZ2","T24","cyanobacteria aphanizomenon",4,80,NA,11,90.4515762834418
"279","LSZ2","T24","cyanobacteria aphanizomenon",8,80,NA,5,159.086933333333
"280","LSZ2","T24","cyanobacteria aphanizomenon",8,120,NA,1,47.7782967177243
"281","SJR2","IC","cyanobacteria aphanizomenon",8,80,NA,80,846.777058121795
"282","SJR2","FC","cyanobacteria aphanizomenon",4,56,NA,14,77.9525973333333
"283","SJR2","FC","cyanobacteria aphanizomenon",8,80,NA,30,955.565934354486
"284","SJR2","FC","cyanobacteria aphanizomenon",8,120,NA,64,3044.48719477124
"285","SJR2","T24","cyanobacteria aphanizomenon",8,80,NA,28,296.500350201589
"286","YBP2","IC","cyanobacteria aphanizomenon",8,80,NA,415,5773.6015566376
"287","YBP2","FC","cyanobacteria aphanizomenon",4,56,NA,123,1130.33073939394
"288","YBP2","FC","cyanobacteria aphanizomenon",8,32,NA,143,5055.42921481482
"289","YBP2","FC","cyanobacteria aphanizomenon",8,80,NA,7,1114.82692341357
"290","YBP2","T24","cyanobacteria aphanizomenon",8,80,NA,105,5083.3501242221
"291","YBP2","T24","cyanobacteria aphanizomenon",8,120,NA,130,10262.142472885
"292","YBP2","T24","cyanobacteria aphanizomenon",8,320,NA,4,1503.86304900885
"293","SJR1","IC","cyanobacteria dolichospermum",4,80,NA,15,119.839086717892
"294","SJR1","IC","cyanobacteria dolichospermum",8,40,NA,1,15.978544895719
"295","SJR1","T24","cyanobacteria dolichospermum",6,40,NA,1,10.1467304451274
"296","SJR1","T24","cyanobacteria dolichospermum",8,40,NA,11,176.733993818985
"297","YBP1","IC","cyanobacteria dolichospermum",4,48,NA,3,14.4920453097345
"298","YBP1","IC","cyanobacteria dolichospermum",4,64,NA,13,83.4548653583241
"299","YBP1","IC","cyanobacteria dolichospermum",6,200,NA,6,261.854178748081
"300","YBP1","FC","cyanobacteria dolichospermum",4,80,NA,1,7.68199273832644
"301","YBP1","FC","cyanobacteria dolichospermum",4,160,NA,1,16.0490125689085
"302","YBP1","FC","cyanobacteria dolichospermum",6,56,NA,3,34.6865403050109
"303","YBP1","T24","cyanobacteria dolichospermum",4,48,NA,3,14.3806904061471
"304","WLD2","IC","cyanobacteria dolichospermum",4,80,NA,9,72.2205565600882
"305","WLD2","FC","cyanobacteria dolichospermum",4,64,NA,3,20.1278407079646
"306","WLD2","FC","cyanobacteria dolichospermum",6,200,NA,2,90.0770693069307
"307","WLD2","FC","cyanobacteria dolichospermum",8,40,NA,1,16.0667267108168
"308","WLD2","T24","cyanobacteria dolichospermum",4,240,NA,1,23.1731635252165
"309","SJR2","IC","cyanobacteria dolichospermum",8,80,NA,28,890.886826666667
"310","SJR2","FC","cyanobacteria dolichospermum",6,64,NA,5,71.58912
"311","SJR2","FC","cyanobacteria dolichospermum",8,80,NA,10,318.521978118162
"312","SJR2","T24","cyanobacteria dolichospermum",6,80,NA,9,160.724210250818
"313","YBP2","IC","cyanobacteria dolichospermum",4,40,NA,76,376.186933623504
"314","YBP2","IC","cyanobacteria dolichospermum",4,120,NA,28,492.913993808049
"315","YBP2","IC","cyanobacteria dolichospermum",8,80,NA,16,637.043956236324
"316","YBP2","FC","cyanobacteria dolichospermum",4,40,NA,22,144.40926984127
"317","YBP2","FC","cyanobacteria dolichospermum",4,64,NA,123,1291.80655930736
"318","YBP2","FC","cyanobacteria dolichospermum",8,80,NA,1,88.3816296296296
"319","YBP2","FC","cyanobacteria dolichospermum",8,144,NA,2,573.339560612691
"320","YBP2","T24","cyanobacteria dolichospermum",6,200,NA,5,370.029175704989
"321","YBP1","FC","cyanobacteria NA",4,24,NA,11,25.3505760364772
"322","YBP1","T24","cyanobacteria NA",4,50,NA,1,4.75945007114757
"323","WLD2","IC","cyanobacteria other",1.6,80,NA,1,1.27269546666667
"324","WLD2","IC","cyanobacteria other",4,80,NA,42,337.029263947078
"325","WLD2","IC","cyanobacteria other",4,96,NA,11,100.738821239829
"326","WLD2","IC","cyanobacteria other",6,80,NA,14,250.56192
"327","WLD2","IC","cyanobacteria other",8,72,NA,1,27.4742239744988
"328","WLD2","FC","cyanobacteria other",6,80,NA,13,119.236282104837
"329","YBP2","IC","cyanobacteria other",4,128,NA,1,18.7776759545924
"330","YBP2","FC","cyanobacteria other",4,128,NA,1,35.3526518518519
"331","YBP2","FC","cyanobacteria other",8,168,NA,23,2241.30019673909
"332","YBP2","T24","cyanobacteria other",8,72,NA,1,89.291227917121
"333","SJR1","IC","diatom centric",5.5,5.5,NA,196,14.4596484263923
"334","SJR1","IC","diatom centric",9.5,9.5,NA,748,200.301819912186
"335","SJR1","IC","diatom centric",14,14,NA,17,19.6546063577527
"336","SJR1","IC","diatom centric",24.5,24.5,NA,1700,4922.22272036084
"337","SJR1","IC","diatom centric",48,48,NA,4,391.904557230344
"338","SJR1","FC","diatom centric",5.5,5.5,NA,385,30.2017503734737
"339","SJR1","FC","diatom centric",9.5,9.5,NA,744,214.637254546028
"340","SJR1","FC","diatom centric",14,14,NA,93,104.091638074399
"341","SJR1","FC","diatom centric",24.5,24.5,NA,871,3459.83307784814
"342","SJR1","FC","diatom centric",48,48,NA,3,335.012741503597
"343","SJR1","T24","diatom centric",5.5,5.5,NA,223,17.5784630999471
"344","SJR1","T24","diatom centric",9.5,9.5,NA,244,83.3862356774245
"345","SJR1","T24","diatom centric",14,14,NA,33,39.4708458035677
"346","SJR1","T24","diatom centric",24.5,24.5,NA,376,1465.17100012589
"347","SJR1","T24","diatom centric",40,40,NA,1,71.6019934510044
"348","YBP1","IC","diatom centric",5.5,5.5,NA,34,3.16828286505407
"349","YBP1","IC","diatom centric",9.5,9.5,NA,16,6.71826241936084
"350","YBP1","IC","diatom centric",14,14,NA,17,28.492568675023
"351","YBP1","IC","diatom centric",24.5,24.5,NA,39,185.460191621916
"352","YBP1","FC","diatom centric",5.5,5.5,NA,56,4.72859329617352
"353","YBP1","FC","diatom centric",9.5,9.5,NA,21,8.15041619494821
"354","YBP1","FC","diatom centric",14,14,NA,14,23.1877872959107
"355","YBP1","FC","diatom centric",24.5,24.5,NA,40,183.789518248329
"356","YBP1","T24","diatom centric",5.5,5.5,NA,52,4.55318371541859
"357","YBP1","T24","diatom centric",9.5,9.5,NA,8,3.59607627786131
"358","YBP1","T24","diatom centric",14,14,NA,5,9.38265381991279
"359","YBP1","T24","diatom centric",24.5,24.5,NA,3,48.9068498003408
"360","WLD2","IC","diatom centric",5.5,5.5,NA,50,4.40280005086052
"361","WLD2","IC","diatom centric",9.5,9.5,NA,25,10.1709354547865
"362","WLD2","IC","diatom centric",14,14,NA,10,18.1486377598543
"363","WLD2","IC","diatom centric",24.5,24.5,NA,10,79.015093064492
"364","WLD2","FC","diatom centric",5.5,5.5,NA,32,3.04116768934596
"365","WLD2","FC","diatom centric",9.5,9.5,NA,11,7.32505806836272
"366","WLD2","FC","diatom centric",14,14,NA,5,10.2348272086333
"367","WLD2","FC","diatom centric",24.5,24.5,NA,24,123.086542665218
"368","WLD2","T24","diatom centric",5.5,5.5,NA,54,4.40414561954867
"369","WLD2","T24","diatom centric",9.5,9.5,NA,15,6.32226170410687
"370","WLD2","T24","diatom centric",14,14,NA,1,4.1304190008416
"371","WLD2","T24","diatom centric",24.5,24.5,NA,7,58.0420332766055
"372","LSZ2","IC","diatom centric",5.5,5.5,NA,249,17.3398970789961
"373","LSZ2","IC","diatom centric",9.5,9.5,NA,1024,260.991699071064
"374","LSZ2","IC","diatom centric",14,14,NA,107,98.6029719527411
"375","LSZ2","IC","diatom centric",24.5,24.5,NA,1956,5685.04948897808
"376","LSZ2","FC","diatom centric",5.5,5.5,NA,338,34.3322745539078
"377","LSZ2","FC","diatom centric",9.5,9.5,NA,1028,270.06278251328
"378","LSZ2","FC","diatom centric",14,14,NA,138,127.858564837532
"379","LSZ2","FC","diatom centric",24.5,24.5,NA,1897,5687.73029220971
"380","LSZ2","FC","diatom centric",40,40,NA,12,631.600773673692
"381","LSZ2","T24","diatom centric",5.5,5.5,NA,136,10.9081348387333
"382","LSZ2","T24","diatom centric",9.5,9.5,NA,203,65.2948007164854
"383","LSZ2","T24","diatom centric",14,14,NA,49,51.3311442704441
"384","LSZ2","T24","diatom centric",24.5,24.5,NA,347,1275.83208376265
"385","SJR2","IC","diatom centric",5.5,5.5,NA,427,29.3662156955853
"386","SJR2","IC","diatom centric",9.5,9.5,NA,134,44.8808740936747
"387","SJR2","IC","diatom centric",14,14,NA,56,57.825622408869
"388","SJR2","IC","diatom centric",24.5,24.5,NA,78,340.767541850945
"389","SJR2","IC","diatom centric",40,40,NA,2,130.56886933324
"390","SJR2","FC","diatom centric",5.5,5.5,NA,381,26.5060992409833
"391","SJR2","FC","diatom centric",9.5,9.5,NA,172,56.0487283253561
"392","SJR2","FC","diatom centric",14,14,NA,70,70.8649139567722
"393","SJR2","FC","diatom centric",24.5,24.5,NA,50,231.022948016024
"394","SJR2","T24","diatom centric",5.5,5.5,NA,201,15.1282894810022
"395","SJR2","T24","diatom centric",9.5,9.5,NA,37,14.2936131296108
"396","SJR2","T24","diatom centric",14,14,NA,17,20.0364069248797
"397","SJR2","T24","diatom centric",24.5,24.5,NA,4,35.6237779791724
"398","SJR2","T24","diatom centric",32,32,NA,1,39.3096387539137
"399","YBP2","IC","diatom centric",5.5,5.5,NA,336,31.5750082177991
"400","YBP2","IC","diatom centric",9.5,9.5,NA,331,133.349871377507
"401","YBP2","IC","diatom centric",14,14,NA,70,137.302372509806
"402","YBP2","IC","diatom centric",24.5,24.5,NA,58,512.699354422771
"403","YBP2","IC","diatom centric",40,40,NA,40,2287.87335710226
"404","YBP2","FC","diatom centric",5.5,5.5,NA,319,66.3985436690127
"405","YBP2","FC","diatom centric",9.5,9.5,NA,234,203.692948151354
"406","YBP2","FC","diatom centric",14,14,NA,110,298.606994060858
"407","YBP2","FC","diatom centric",24.5,24.5,NA,37,551.330000473974
"408","YBP2","T24","diatom centric",5.5,5.5,NA,107,27.5567628888987
"409","YBP2","T24","diatom centric",9.5,9.5,NA,52,42.0078080642131
"410","YBP2","T24","diatom centric",14,14,NA,13,53.7285230737796
"411","YBP2","T24","diatom centric",24.5,24.5,NA,21,265.228217547772
"412","SJR1","IC","diatom chain",8,200,NA,1,15.434011926507
"413","SJR1","IC","diatom chain",16,160,NA,1,48.0595269060598
"414","SJR1","IC","diatom chain",24,64,NA,1,39.1925583169656
"415","YBP1","IC","diatom chain",4,104,NA,1,2.87102876491154
"416","YBP1","FC","diatom chain",16,240,NA,2,116.245261025075
"417","YBP1","FC","diatom chain",24,64,NA,2,77.5606123147228
"418","WLD2","IC","diatom chain",4,32,NA,1,1.01640853370395
"419","WLD2","IC","diatom chain",4,64,NA,2,3.41719174107818
"420","WLD2","IC","diatom chain",16,240,NA,1,68.9964872464098
"421","WLD2","FC","diatom chain",4,104,NA,1,2.86471186993924
"422","WLD2","FC","diatom chain",8,80,NA,2,14.2010067130113
"423","WLD2","FC","diatom chain",8,120,NA,1,11.0216878182375
"424","LSZ2","IC","diatom chain",4,160,NA,6,18.5295442937472
"425","LSZ2","IC","diatom chain",8,144,NA,10,97.4379157422377
"426","LSZ2","IC","diatom chain",8,200,NA,10,68.2939112839332
"427","LSZ2","FC","diatom chain",4,64,NA,3,4.90040532394871
"428","LSZ2","FC","diatom chain",6,248,NA,1,12.4753819922256
"429","LSZ2","FC","diatom chain",8,120,NA,6,53.2559826247743
"430","LSZ2","FC","diatom chain",8,160,8,14,66.3089483741832
"431","LSZ2","FC","diatom chain",8,408,NA,1,32.2180105337853
"432","LSZ2","FC","diatom chain",12,128,NA,1,23.6270095735487
"433","LSZ2","T24","diatom chain",8,136,8,2,27.8563698876511
"434","SJR2","IC","diatom chain",8,136,8,3,39.8163018138981
"435","SJR2","IC","diatom chain",8,160,8,4,59.0698178379373
"436","SJR2","FC","diatom chain",8,80,NA,1,7.66883500511148
"437","YBP2","IC","diatom chain",4,160,NA,49,159.634005761613
"438","YBP2","IC","diatom chain",8,256,NA,26,276.420925447204
"439","YBP2","IC","diatom chain",16,240,NA,11,275.844173037469
"440","YBP2","FC","diatom chain",4,20,NA,7,6.10314989803484
"441","YBP2","FC","diatom chain",6,176,NA,58,545.713576380143
"442","YBP2","FC","diatom chain",8,160,8,29,500.258802104605
"443","YBP2","FC","diatom chain",16,160,NA,1,78.9722745516242
"444","YBP2","T24","diatom chain",4,160,NA,1,12.9702650058919
"445","YBP2","T24","diatom chain",8,80,NA,2,41.6759704982477
"446","YBP2","T24","diatom chain",8,256,NA,3,92.9339453224871
"447","YBP2","T24","diatom chain",16,160,NA,1,79.1435810040139
"448","YBP1","FC","diatom cylindrotheca pennate",8,72,NA,12,40.2456626435653
"449","YBP1","T24","diatom cylindrotheca pennate",8,72,NA,6,23.6012720903531
"450","YBP2","IC","diatom cylindrotheca pennate",8,72,NA,42,66.530532261754
"451","YBP2","FC","diatom cylindrotheca pennate",8,72,NA,76,238.188562637533
"452","YBP2","T24","diatom cylindrotheca pennate",8,72,NA,14,52.2202694370055
"453","YBP1","FC","diatom egg shaped",16,32,NA,1,7.83099918887347
"454","YBP1","FC","diatom egg shaped",32,48,NA,1,36.2788665575638
"455","WLD2","FC","diatom egg shaped",32,80,NA,1,62.2645276168365
"456","YBP2","IC","diatom egg shaped",16,32,NA,1,10.1468843975742
"457","YBP2","IC","diatom egg shaped",32,48,NA,7,163.099830850557
"458","YBP2","IC","diatom egg shaped",32,80,NA,3,201.979467219391
"459","YBP2","FC","diatom egg shaped",32,80,NA,2,239.926759009164
"460","YBP2","T24","diatom egg shaped",16,32,NA,2,24.6189328932585
"461","YBP2","T24","diatom egg shaped",32,48,NA,2,213.86035283717
"462","YBP1","T24","diatom other",16,32,16,1,11.640909623356
"463","SJR2","T24","diatom other",8,24,NA,1,1.84742792753131
"464","YBP2","FC","diatom other",8,24,NA,2,5.63984567656301
"465","SJR1","IC","diatom pennate",1,20,1,11,0.480800332103563
"466","SJR1","IC","diatom pennate",2,20,2,23,3.1300362911365
"467","SJR1","IC","diatom pennate",20,56,20,2,46.5374709989162
"468","SJR1","FC","diatom pennate",2,20,2,39,1.94722118230369
"469","SJR1","FC","diatom pennate",4,12,4,21,8.58270780673303
"470","SJR1","FC","diatom pennate",8,32,8,1,4.72544197056966
"471","SJR1","FC","diatom pennate",8,56,NA,2,7.19297671312621
"472","SJR1","FC","diatom pennate",8,64,8,1,6.97727793584728
"473","SJR1","FC","diatom pennate",16,104,16,1,45.2716712992885
"474","SJR1","T24","diatom pennate",2,18,2,35,4.14299522635706
"475","SJR1","T24","diatom pennate",4,10,4,6,1.77035969147223
"476","SJR1","T24","diatom pennate",4,12,4,25,8.20597664241034
"477","SJR1","T24","diatom pennate",4,20,4,10,5.7348297786849
"478","SJR1","T24","diatom pennate",6,56,6,1,3.40358586547285
"479","SJR1","T24","diatom pennate",6,72,6,1,4.7631672728147
"480","YBP1","IC","diatom pennate",2,10,2,7,0.599220343588247
"481","YBP1","IC","diatom pennate",2,20,2,109,4.60843352736154
"482","YBP1","IC","diatom pennate",4,24,4,4,2.67554418888386
"483","YBP1","IC","diatom pennate",6,64,6,26,35.943085660362
"484","YBP1","IC","diatom pennate",6,72,6,6,19.8853189587671
"485","YBP1","IC","diatom pennate",8,24,NA,3,4.92741968626375
"486","YBP1","IC","diatom pennate",8,48,NA,2,8.77393455547346
"487","YBP1","IC","diatom pennate",12,80,NA,2,20.3428655192301
"488","YBP1","IC","diatom pennate",16,160,16,2,110.350413009422
"489","YBP1","FC","diatom pennate",2,20,2,87,3.67514642983698
"490","YBP1","FC","diatom pennate",4,10,4,3,0.878447573588656
"491","YBP1","FC","diatom pennate",4,20,4,8,4.19624538404512
"492","YBP1","FC","diatom pennate",4,24,4,11,6.24481823609816
"493","YBP1","FC","diatom pennate",6,48,NA,11,23.4963296584492
"494","YBP1","FC","diatom pennate",6,80,NA,3,12.2537798676764
"495","YBP1","FC","diatom pennate",8,40,8,3,10.1052148660312
"496","YBP1","FC","diatom pennate",8,48,NA,6,23.8875058202251
"497","YBP1","FC","diatom pennate",12,56,12,1,11.0389570904751
"498","YBP1","T24","diatom pennate",2,20,2,96,4.08702435334058
"499","YBP1","T24","diatom pennate",4,26,4,6,3.89432667401958
"500","YBP1","T24","diatom pennate",6,56,6,6,15.6411006251283
"501","YBP1","T24","diatom pennate",6,120,NA,2,11.6286288817093
"502","YBP1","T24","diatom pennate",8,40,8,2,7.69408912697244
"503","WLD2","IC","diatom pennate",2,20,2,96,3.92397227153473
"504","WLD2","IC","diatom pennate",4,40,4,15,13.4456692360994
"505","WLD2","IC","diatom pennate",6,40,NA,7,13.3491867268771
"506","WLD2","IC","diatom pennate",6,48,NA,41,74.3951613897217
"507","WLD2","IC","diatom pennate",6,64,6,10,29.0769284203206
"508","WLD2","IC","diatom pennate",6,120,NA,3,16.6575484653411
"509","WLD2","IC","diatom pennate",8,24,NA,5,7.72802116281355
"510","WLD2","IC","diatom pennate",8,32,8,1,3.27859496171308
"511","WLD2","IC","diatom pennate",8,48,NA,62,186.946196097793
"512","WLD2","IC","diatom pennate",8,56,NA,7,11.5381746647984
"513","WLD2","IC","diatom pennate",8,80,8,18,97.7573843184418
"514","WLD2","IC","diatom pennate",12,48,12,1,9.97880522431426
"515","WLD2","IC","diatom pennate",12,56,12,4,39.1099559473633
"516","WLD2","IC","diatom pennate",16,64,16,1,26.4075873816436
"517","WLD2","IC","diatom pennate",20,56,20,3,74.6644373360422
"518","WLD2","IC","diatom pennate",104,200,104,2,3622.98188217796
"519","WLD2","FC","diatom pennate",2,20,2,38,4.87143035606873
"520","WLD2","FC","diatom pennate",2,30,2,33,6.44078125124977
"521","WLD2","FC","diatom pennate",4,12,4,19,5.73919341976191
"522","WLD2","FC","diatom pennate",4,24,NA,4,2.67849732816519
"523","WLD2","FC","diatom pennate",4,64,4,2,1.91513592513479
"524","WLD2","FC","diatom pennate",8,24,NA,7,5.7422889710485
"525","WLD2","FC","diatom pennate",8,40,8,1,4.38559476784767
"526","WLD2","FC","diatom pennate",8,48,NA,23,42.2309358220792
"527","WLD2","FC","diatom pennate",8,80,8,4,14.187421729367
"528","WLD2","FC","diatom pennate",12,128,12,11,197.750163337141
"529","WLD2","FC","diatom pennate",16,40,16,1,14.2010067130113
"530","WLD2","T24","diatom pennate",2,20,2,85,3.60489664094491
"531","WLD2","T24","diatom pennate",4,40,4,2,2.19330586742046
"532","WLD2","T24","diatom pennate",4,64,4,1,1.80186180315129
"533","WLD2","T24","diatom pennate",4,120,4,1,3.26038539440722
"534","WLD2","T24","diatom pennate",8,40,8,1,4.2008770014668
"535","LSZ2","IC","diatom pennate",2,10,2,8,0.611915153896397
"536","LSZ2","IC","diatom pennate",2,16,2,52,5.22407707446596
"537","LSZ2","IC","diatom pennate",2,20,2,260,13.705944549179
"538","LSZ2","IC","diatom pennate",6,80,NA,4,8.1735375148897
"539","LSZ2","IC","diatom pennate",6,120,NA,2,12.1069480827696
"540","LSZ2","IC","diatom pennate",8,144,8,5,27.6399165815415
"541","LSZ2","FC","diatom pennate",1,20,1,34,1.29793895743649
"542","LSZ2","FC","diatom pennate",2,20,2,128,7.65268707937536
"543","LSZ2","FC","diatom pennate",3,20,3,15,4.37366375891791
"544","LSZ2","FC","diatom pennate",6,160,6,1,8.47952698042472
"545","LSZ2","T24","diatom pennate",2,20,2,159,6.54434947242232
"546","LSZ2","T24","diatom pennate",4,20,4,9,4.77014281538598
"547","LSZ2","T24","diatom pennate",4,96,4,1,2.7416831382385
"548","LSZ2","T24","diatom pennate",8,48,NA,1,4.88968233636895
"549","SJR2","IC","diatom pennate",2,8,2,6,0.424596140865201
"550","SJR2","IC","diatom pennate",2,10,2,29,1.11927645009172
"551","SJR2","IC","diatom pennate",2,20,2,103,6.31135061843387
"552","SJR2","IC","diatom pennate",4,10,4,54,12.1201508614859
"553","SJR2","IC","diatom pennate",4,16,4,17,6.60964526651169
"554","SJR2","IC","diatom pennate",4,20,4,2,1.22372540304589
"555","SJR2","IC","diatom pennate",6,40,NA,2,4.60430622546831
"556","SJR2","IC","diatom pennate",6,80,NA,3,12.0937740369777
"557","SJR2","IC","diatom pennate",8,40,8,1,4.15955689981303
"558","SJR2","IC","diatom pennate",8,64,8,1,6.26588409189854
"559","SJR2","IC","diatom pennate",8,184,NA,2,29.3221562599205
"560","SJR2","FC","diatom pennate",2,12,2,14,1.28026534421877
"561","SJR2","FC","diatom pennate",2,20,2,125,5.19826353463308
"562","SJR2","FC","diatom pennate",4,40,4,2,2.26107277956045
"563","SJR2","FC","diatom pennate",8,24,NA,1,1.8575342072224
"564","SJR2","FC","diatom pennate",8,56,NA,4,7.11112144216911
"565","SJR2","FC","diatom pennate",8,168,8,2,14.7355791130749
"566","SJR2","T24","diatom pennate",2,10,2,6,0.515709963949575
"567","SJR2","T24","diatom pennate",2,12,2,11,1.03520925452083
"568","SJR2","T24","diatom pennate",2,20,2,55,2.52212909566368
"569","SJR2","T24","diatom pennate",6,40,NA,1,2.50009651090518
"570","SJR2","T24","diatom pennate",8,56,NA,2,7.20869906659752
"571","YBP2","IC","diatom pennate",1,20,1,4,0.245694169204283
"572","YBP2","IC","diatom pennate",2,96,2,5,2.13963838811368
"573","YBP2","IC","diatom pennate",4,10,4,42,12.1810549116362
"574","YBP2","IC","diatom pennate",4,12,4,26,9.32358979434547
"575","YBP2","IC","diatom pennate",4,16,4,10,5.20513479667522
"576","YBP2","IC","diatom pennate",4,26,4,1,1.23801591416985
"577","YBP2","IC","diatom pennate",4,32,NA,16,8.77399205256319
"578","YBP2","IC","diatom pennate",4,56,4,81,98.5738942101397
"579","YBP2","IC","diatom pennate",4,64,4,101,81.8337797948752
"580","YBP2","IC","diatom pennate",4,96,4,14,33.9407966597136
"581","YBP2","IC","diatom pennate",4,160,4,39,70.8299602942674
"582","YBP2","IC","diatom pennate",4,240,NA,30,122.831070816784
"583","YBP2","IC","diatom pennate",6,160,6,27,116.085387489007
"584","YBP2","IC","diatom pennate",8,24,NA,6,6.64266362081059
"585","YBP2","IC","diatom pennate",8,40,8,9,35.871564305265
"586","YBP2","IC","diatom pennate",8,48,NA,6,34.936093554799
"587","YBP2","IC","diatom pennate",8,56,NA,13,25.3987763648852
"588","YBP2","IC","diatom pennate",8,64,8,3,20.6175091195934
"589","YBP2","IC","diatom pennate",8,120,8,9,37.3017025603138
"590","YBP2","IC","diatom pennate",8,168,8,7,61.8352409136005
"591","YBP2","IC","diatom pennate",8,184,NA,30,397.462482101525
"592","YBP2","IC","diatom pennate",8,256,8,1,31.4926328171606
"593","YBP2","IC","diatom pennate",16,64,16,1,38.9624330079397
"594","YBP2","IC","diatom pennate",16,360,16,2,277.210511052169
"595","YBP2","IC","diatom pennate",20,112,20,1,64.7960455068061
"596","YBP2","IC","diatom pennate",24,72,24,1,60.5361376764197
"597","YBP2","FC","diatom pennate",4,16,4,11,12.5664186569724
"598","YBP2","FC","diatom pennate",4,24,4,110,66.5214690480734
"599","YBP2","FC","diatom pennate",4,200,4,7,140.73465956365
"600","YBP2","FC","diatom pennate",6,48,NA,8,30.3307985365314
"601","YBP2","FC","diatom pennate",8,32,8,6,46.0169784600032
"602","YBP2","FC","diatom pennate",8,48,NA,99,386.078056997459
"603","YBP2","FC","diatom pennate",8,56,NA,14,111.195130376026
"604","YBP2","FC","diatom pennate",8,64,8,20,145.439399547734
"605","YBP2","FC","diatom pennate",8,80,8,11,74.5712712718562
"606","YBP2","FC","diatom pennate",8,120,8,3,96.9190828538034
"607","YBP2","FC","diatom pennate",8,184,NA,36,451.830859070745
"608","YBP2","FC","diatom pennate",8,256,8,7,195.623431302588
"609","YBP2","FC","diatom pennate",8,320,8,7,400.772783169713
"610","YBP2","FC","diatom pennate",16,160,16,1,296.318506331447
"611","YBP2","FC","diatom pennate",24,72,24,1,79.8413128950182
"612","YBP2","T24","diatom pennate",2,96,2,1,1.2933688331892
"613","YBP2","T24","diatom pennate",3,20,3,3,3.29251939993085
"614","YBP2","T24","diatom pennate",4,24,4,15,14.0378463708276
"615","YBP2","T24","diatom pennate",4,26,4,9,9.61690792051041
"616","YBP2","T24","diatom pennate",4,36,4,33,32.2828921412141
"617","YBP2","T24","diatom pennate",4,56,4,8,17.0424574261634
"618","YBP2","T24","diatom pennate",4,64,4,1,5.78580379430641
"619","YBP2","T24","diatom pennate",4,160,4,1,12.9702650058919
"620","YBP2","T24","diatom pennate",8,40,8,5,50.7298342549823
"621","YBP2","T24","diatom pennate",8,56,NA,5,26.7288926134899
"622","YBP2","T24","diatom pennate",8,64,8,1,19.6235941945705
"623","YBP2","T24","diatom pennate",8,80,8,6,115.799724820599
"624","YBP2","T24","diatom pennate",8,120,8,1,21.7292315436709
"625","YBP2","T24","diatom pennate",24,32,NA,5,113.123307904002
"626","YBP2","T24","diatom pennate",24,72,24,1,80.0145044631202
"627","WLD2","FC","diatom pennate fragillaria",16,96,16,1,32.1669183272431
"628","LSZ2","IC","diatom pennate fragillaria",16,48,16,1,16.5119746238835
"629","LSZ2","IC","diatom pennate fragillaria",48,64,48,1,135.908210742079
"630","LSZ2","FC","diatom pennate fragillaria",64,80,64,1,298.229644740332
"631","SJR2","FC","diatom pennate fragillaria",24,64,24,1,43.6555358548538
"632","YBP2","T24","diatom pennate fragillaria",64,80,64,6,2396.56508004692
"633","SJR1","IC","diatom pennate pleurosigma",6,88,6,2,5.58027606274807
"634","YBP1","IC","diatom pennate pleurosigma",6,56,6,7,12.2626992842167
"635","YBP1","IC","diatom pennate pleurosigma",8,44,8,21,44.8159599694501
"636","YBP1","FC","diatom pennate pleurosigma",6,56,6,9,15.826137900528
"637","YBP1","FC","diatom pennate pleurosigma",8,80,8,2,9.15294752326683
"638","WLD2","IC","diatom pennate pleurosigma",8,44,8,5,12.6575624478983
"639","WLD2","FC","diatom pennate pleurosigma",12,96,12,4,44.1480908491692
"640","WLD2","FC","diatom pennate pleurosigma",16,88,16,1,19.1716226730181
"641","WLD2","T24","diatom pennate pleurosigma",8,64,8,4,13.9245399795302
"642","WLD2","T24","diatom pennate pleurosigma",8,120,8,1,7.42871101361658
"643","LSZ2","IC","diatom pennate pleurosigma",4,64,4,1,1.24242450175678
"644","LSZ2","IC","diatom pennate pleurosigma",8,80,8,1,4.72879607615243
"645","LSZ2","FC","diatom pennate pleurosigma",16,184,16,3,95.4941633587226
"646","SJR2","IC","diatom pennate pleurosigma",6,56,6,12,20.2130646735493
"647","SJR2","IC","diatom pennate pleurosigma",8,80,8,3,13.4875658032516
"648","SJR2","IC","diatom pennate pleurosigma",8,120,8,4,24.8935697108907
"649","SJR2","FC","diatom pennate pleurosigma",8,80,8,3,13.5613489859827
"650","SJR2","FC","diatom pennate pleurosigma",16,64,16,7,79.3653773462058
"651","SJR2","T24","diatom pennate pleurosigma",8,64,8,3,11.1045772790051
"652","YBP2","IC","diatom pennate pleurosigma",16,144,16,4,124.335132499439
"653","YBP2","IC","diatom pennate pleurosigma",16,184,16,2,83.3305534408639
"654","YBP2","FC","diatom pennate pleurosigma",16,88,16,3,250.123619411533
"655","YBP2","T24","diatom pennate pleurosigma",16,144,16,2,159.376881216512
"656","YBP1","FC","dinoflagellate peridinium",24,24,24,1,40.0949062509111
"657","LSZ2","IC","dinoflagellate peridinium",20,24,20,13,288.29176738169
"658","LSZ2","IC","dinoflagellate peridinium",24,24,24,16,279.036079826592
"659","LSZ2","FC","dinoflagellate peridinium",20,20,20,29,199.355067483605
"660","LSZ2","T24","dinoflagellate peridinium",16,16,16,1,12.6970028455863
"661","LSZ2","T24","dinoflagellate peridinium",24,24,24,1,41.0860447957072
"662","SJR2","IC","dinoflagellate peridinium",24,24,24,19,224.319680238814
"663","SJR2","FC","dinoflagellate peridinium",16,16,16,3,35.5830504825354
"664","SJR2","FC","dinoflagellate peridinium",20,24,20,6,151.960928230718
"665","YBP2","IC","dinoflagellate peridinium",16,16,16,15,103.421090328279
"666","YBP2","IC","dinoflagellate peridinium",24,24,24,19,453.871088218393
"667","YBP1","IC","flagellate colonial",16,16,NA,1,12.794995149797
"668","SJR2","IC","flagellate colonial",16,16,NA,1,12.6554641230817
"669","YBP1","IC","flagellate cryptomonas",3.67,5.5,NA,3653,231.185369172335
"670","YBP1","IC","flagellate cryptomonas",6.33,9.5,NA,228,79.2450641358809
"671","YBP1","IC","flagellate cryptomonas",8,24,NA,16,35.3179925713186
"672","YBP1","IC","flagellate cryptomonas",9,14,NA,97,98.9855478952374
"673","YBP1","IC","flagellate cryptomonas",16,24,NA,10,162.700848507359
"674","YBP1","FC","flagellate cryptomonas",3.67,5.5,NA,2295,143.488181083898
"675","YBP1","FC","flagellate cryptomonas",6.33,9.5,NA,141,48.9582623726306
"676","YBP1","FC","flagellate cryptomonas",8,16,NA,8,22.4413067370028
"677","YBP1","FC","flagellate cryptomonas",9,14,NA,34,35.9659568999174
"678","YBP1","T24","flagellate cryptomonas",3.67,5.5,NA,2088,135.14389368948
"679","YBP1","T24","flagellate cryptomonas",6.33,9.5,NA,40,15.1453272298276
"680","WLD2","IC","flagellate cryptomonas",3.67,5.5,NA,629,43.912171902305
"681","WLD2","IC","flagellate cryptomonas",6.33,9.5,NA,815,260.38504145167
"682","WLD2","IC","flagellate cryptomonas",8,24,NA,23,49.5151016217793
"683","WLD2","IC","flagellate cryptomonas",9,14,NA,86,87.615733021681
"684","WLD2","FC","flagellate cryptomonas",3.67,5.5,NA,222,24.5983323453509
"685","WLD2","FC","flagellate cryptomonas",6,16,NA,4,7.46249868533516
"686","WLD2","FC","flagellate cryptomonas",6.33,9.5,NA,244,124.993948720306
"687","WLD2","FC","flagellate cryptomonas",9,14,NA,14,45.5589201772673
"688","WLD2","T24","flagellate cryptomonas",3.67,5.5,NA,435,30.5116952286077
"689","WLD2","T24","flagellate cryptomonas",6.33,9.5,NA,214,72.8092839457904
"690","WLD2","T24","flagellate cryptomonas",9,14,NA,3,9.95196626939113
"691","LSZ2","IC","flagellate cryptomonas",3.67,5.5,NA,1367,88.1495663438945
"692","LSZ2","IC","flagellate cryptomonas",6.33,9.5,NA,466,150.1185735214
"693","LSZ2","IC","flagellate cryptomonas",8,24,NA,39,156.974734739741
"694","LSZ2","IC","flagellate cryptomonas",9,14,NA,148,142.911651585581
"695","LSZ2","IC","flagellate cryptomonas",16,24,NA,33,245.622214988574
"696","LSZ2","FC","flagellate cryptomonas",3.67,5.5,NA,1367,91.4853503769977
"697","LSZ2","FC","flagellate cryptomonas",6.33,9.5,NA,387,130.501273612141
"698","LSZ2","FC","flagellate cryptomonas",8,24,NA,16,68.4441916104593
"699","LSZ2","FC","flagellate cryptomonas",9,14,NA,176,172.948182482322
"700","LSZ2","FC","flagellate cryptomonas",16,24,NA,33,255.111494281739
"701","LSZ2","T24","flagellate cryptomonas",3.67,5.5,NA,856,59.7945021300286
"702","LSZ2","T24","flagellate cryptomonas",6.33,9.5,NA,190,67.6724597337874
"703","LSZ2","T24","flagellate cryptomonas",9,14,NA,16,26.730660929862
"704","SJR2","IC","flagellate cryptomonas",3.67,5.5,NA,398,28.6610005618509
"705","SJR2","IC","flagellate cryptomonas",6.33,9.5,NA,483,160.527657784195
"706","SJR2","IC","flagellate cryptomonas",8,24,NA,75,103.349536532382
"707","SJR2","IC","flagellate cryptomonas",9,14,NA,158,156.518874791242
"708","SJR2","IC","flagellate cryptomonas",12,40,NA,1,17.3925244304041
"709","SJR2","FC","flagellate cryptomonas",3.67,5.5,NA,36,2.98896641773189
"710","SJR2","FC","flagellate cryptomonas",6.33,9.5,NA,213,73.9345585874437
"711","SJR2","FC","flagellate cryptomonas",8,24,NA,46,95.7621537595193
"712","SJR2","FC","flagellate cryptomonas",9,14,NA,127,127.666130369639
"713","SJR2","FC","flagellate cryptomonas",16,24,NA,15,236.265658738268
"714","SJR2","T24","flagellate cryptomonas",3.67,5.5,NA,36,4.3753344442585
"715","SJR2","T24","flagellate cryptomonas",6.33,9.5,NA,54,20.3286574440974
"716","SJR2","T24","flagellate cryptomonas",8,24,NA,2,9.6596324840177
"717","SJR2","T24","flagellate cryptomonas",9,14,NA,28,30.3188104112833
"718","YBP2","IC","flagellate cryptomonas",8,24,NA,174,451.971944472591
"719","YBP2","IC","flagellate cryptomonas",16,24,NA,96,1687.77134831022
"720","YBP2","IC","flagellate cryptomonas",16,48,NA,7,276.805775712445
"721","YBP2","FC","flagellate cryptomonas",9,14,NA,10,165.175978539031
"722","YBP2","FC","flagellate cryptomonas",16,48,NA,1,178.10990804989
"723","YBP2","T24","flagellate cryptomonas",3.67,5.5,NA,23,9.20587602963245
"724","WLD2","IC","flagellate euglenid",8,32,NA,2,12.794995149797
"725","WLD2","T24","flagellate euglenid",12,80,NA,1,33.8233875420991
"726","YBP2","IC","flagellate euglenid",8,40,NA,17,145.199388626741
"727","YBP2","IC","flagellate euglenid",12,80,NA,10,209.9127648091
"728","YBP2","IC","flagellate euglenid",16,48,NA,1,44.5274770124724
"729","YBP2","FC","flagellate euglenid",8,136,NA,1,42.4829073575645
"730","YBP2","FC","flagellate euglenid",16,48,NA,4,265.485758436731
"731","YBP2","FC","flagellate euglenid",40,40,NA,3,775.957711749235
"732","YBP2","T24","flagellate euglenid",8,136,NA,1,42.5750611696199
"733","YBP2","T24","flagellate euglenid",16,48,NA,1,110.954509240458
"734","YBP2","T24","flagellate euglenid",16,144,NA,1,294.906153761994
"735","YBP1","IC","flagellate in a cone",4,4,NA,34,2.48556188622785
"736","YBP1","FC","flagellate in a cone",4,4,NA,53,5.19680319624545
"737","YBP1","FC","flagellate in a cone",6,6,NA,30,19.6835335574103
"738","YBP1","T24","flagellate in a cone",4,4,NA,75,7.68247273341504
"739","YBP1","T24","flagellate in a cone",6,6,NA,21,13.3631413096214
"740","SJR1","IC","flagellate NA",16,32,NA,1,24.4228420980615
"741","SJR1","T24","flagellate NA",16,32,NA,1,24.5576259948499
"742","YBP2","IC","flagellate NA",8,16,NA,20,71.9356320814738
"743","YBP2","IC","flagellate NA",12,20,NA,3,37.7158651832604
"744","YBP2","IC","flagellate NA",16,32,NA,4,111.844009498801
"745","YBP2","IC","flagellate NA",24,32,NA,31,630.927356497808
"746","YBP2","FC","flagellate NA",16,32,NA,4,147.511435327423
"747","SJR1","IC","flagellate other",3.67,5.5,NA,239,17.1800095602117
"748","SJR1","IC","flagellate other",6.33,9.5,NA,131,44.6028639200354
"749","SJR1","IC","flagellate other",9,14,NA,10,11.1663467657169
"750","SJR1","FC","flagellate other",3.67,5.5,NA,446,34.1039758317961
"751","SJR1","FC","flagellate other",6.33,9.5,NA,80,34.3423839961985
"752","SJR1","FC","flagellate other",9,14,NA,61,68.4974480658205
"753","SJR1","T24","flagellate other",3.67,5.5,NA,401,30.1749421723668
"754","SJR1","T24","flagellate other",6.33,9.5,NA,146,52.870916722135
"755","SJR1","T24","flagellate other",9,14,NA,9,11.2521715240081
"756","YBP1","IC","flagellate other",3.67,5.5,NA,724,50.6220414349983
"757","YBP1","IC","flagellate other",6.33,9.5,NA,7,4.38618034658533
"758","YBP1","FC","flagellate other",3.67,5.5,NA,829,55.3162598464908
"759","YBP1","FC","flagellate other",6.33,9.5,NA,14,5.51600502285089
"760","YBP1","FC","flagellate other",9,14,NA,2,3.74927129751554
"761","YBP1","T24","flagellate other",3.67,5.5,NA,968,65.5701345297982
"762","YBP1","T24","flagellate other",6.33,9.5,NA,6,7.36081158855062
"763","WLD2","IC","flagellate other",3.67,5.5,NA,323,23.4562578429152
"764","WLD2","IC","flagellate other",6.33,9.5,NA,31,12.0905058453711
"765","WLD2","IC","flagellate other",9,14,NA,14,23.5305180400752
"766","WLD2","FC","flagellate other",3.67,5.5,NA,655,47.1234730324222
"767","WLD2","FC","flagellate other",6.33,9.5,NA,227,80.7395804017003
"768","WLD2","FC","flagellate other",9,14,NA,31,51.2568591661355
"769","WLD2","T24","flagellate other",3.67,5.5,NA,580,40.0214328671759
"770","WLD2","T24","flagellate other",6.33,9.5,NA,36,13.6253963813126
"771","WLD2","T24","flagellate other",9,14,NA,2,7.35295736847404
"772","LSZ2","IC","flagellate other",3.67,5.5,NA,383,26.83865692028
"773","LSZ2","IC","flagellate other",6.33,9.5,NA,38,14.1444272907369
"774","LSZ2","IC","flagellate other",9,14,NA,7,23.5302996671996
"775","LSZ2","FC","flagellate other",3.67,5.5,NA,400,28.9601712310371
"776","LSZ2","FC","flagellate other",6.33,9.5,NA,61,23.0449261639043
"777","LSZ2","FC","flagellate other",9,14,NA,2,3.79547291837892
"778","LSZ2","T24","flagellate other",3.67,5.5,NA,336,24.7931418521224
"779","LSZ2","T24","flagellate other",6.33,9.5,NA,17,10.3609375046033
"780","LSZ2","T24","flagellate other",9,14,NA,2,7.28063319763659
"781","SJR2","IC","flagellate other",3.67,5.5,NA,445,31.2032402055777
"782","SJR2","IC","flagellate other",6.33,9.5,NA,118,42.7180355352953
"783","SJR2","FC","flagellate other",3.67,5.5,NA,822,56.7543813461092
"784","SJR2","FC","flagellate other",6.33,9.5,NA,77,28.6119021712591
"785","SJR2","T24","flagellate other",3.67,5.5,NA,501,35.6413453215259
"786","SJR2","T24","flagellate other",6.33,9.5,NA,28,10.9266430604235
"787","YBP2","IC","flagellate other",3.67,5.5,NA,213,21.5843872510152
"788","YBP2","IC","flagellate other",6.33,9.5,NA,374,168.009499390784
"789","YBP2","IC","flagellate other",9,14,NA,188,234.571704248517
"790","YBP2","FC","flagellate other",3.67,5.5,NA,355,82.1826606728784
"791","YBP2","FC","flagellate other",6.33,9.5,NA,252,242.094641241351
"792","YBP2","FC","flagellate other",9,14,NA,56,188.815177812807
"793","YBP2","T24","flagellate other",3.67,5.5,NA,717,111.187807652162
"794","YBP2","T24","flagellate other",6.33,9.5,NA,112,98.7066096848633
"795","YBP2","T24","flagellate other",9,14,NA,34,92.3812281098627
"796","SJR1","IC","ochrophyte synura",32,32,NA,1,89.769857020333
"797","SJR1","FC","ochrophyte synura",16,16,NA,2,13.3585454632529
"798","YBP2","IC","ochrophyte synura",32,32,NA,55,1802.43278113716
"799","YBP1","IC","tintinnid agglutinated",24,40,NA,3,181.72807926301
"800","YBP1","IC","tintinnid agglutinated",32,40,NA,2,206.098438677127
"801","YBP1","IC","tintinnid agglutinated",32,48,NA,8,932.89264699126
"802","YBP1","FC","tintinnid agglutinated",16,24,NA,26,382.036943995027
"803","YBP1","FC","tintinnid agglutinated",24,56,NA,22,1618.65502949553
"804","YBP1","FC","tintinnid agglutinated",24,64,NA,14,1098.06719686498
"805","YBP1","T24","tintinnid agglutinated",24,40,NA,4,235.236178743766
"806","YBP1","T24","tintinnid agglutinated",24,48,NA,3,214.714877004932
"807","YBP1","T24","tintinnid agglutinated",32,48,NA,2,240.058405946203
"808","WLD2","FC","tintinnid agglutinated",20,64,NA,26,1525.84537280844
"809","WLD2","FC","tintinnid agglutinated",24,48,NA,14,914.142704472077
"810","WLD2","FC","tintinnid agglutinated",24,64,NA,20,1753.5115524299
"811","LSZ2","IC","tintinnid agglutinated",24,56,NA,2,168.287235236996
"812","LSZ2","IC","tintinnid agglutinated",32,64,NA,1,170.794308844931
"813","LSZ2","FC","tintinnid agglutinated",20,40,NA,6,245.497974675328
"814","LSZ2","FC","tintinnid agglutinated",24,56,NA,13,510.956528423866
"815","SJR2","IC","tintinnid agglutinated",24,32,NA,1,52.0706344132492
"816","SJR2","IC","tintinnid agglutinated",24,64,NA,1,99.6120306065868
"817","YBP2","IC","tintinnid agglutinated",24,96,NA,288,19380.8525736929
"818","YBP2","IC","tintinnid agglutinated",24,120,NA,120,23816.4354673316
"819","YBP2","IC","tintinnid agglutinated",32,56,NA,4,819.770373721124
"820","YBP2","IC","tintinnid agglutinated",32,64,NA,2,408.862936928483
"821","YBP2","FC","tintinnid agglutinated",24,64,NA,8,1161.07267720488
"822","YBP2","FC","tintinnid agglutinated",24,96,NA,7,2046.12872886884
"823","YBP2","FC","tintinnid agglutinated",32,48,NA,1,363.30803913208
"824","YBP2","FC","tintinnid agglutinated",32,56,NA,2,478.305728704773
"825","YBP2","T24","tintinnid agglutinated",24,32,NA,1,86.1255070284219
"826","YBP1","FC","tintinnid hyaline",16,20,NA,1,15.1040772650766
"827","YBP1","FC","tintinnid hyaline",16,24,NA,1,18.7236199743858
"828","WLD2","IC","tintinnid hyaline",12,32,NA,1,14.2913200151318
"829","WLD2","IC","tintinnid hyaline",16,20,NA,2,30.2486358554175
"830","WLD2","FC","tintinnid hyaline",16,36,NA,1,27.4295447395998
"831","YBP2","FC","tintinnid hyaline",16,36,NA,8,958.014546698796
"832","SJR1","IC","unidentified flagchloro",4,20,NA,31,42.8698230285159
"833","SJR1","FC","unidentified flagchloro",4,26,NA,39,74.9406700983122
"834","SJR1","T24","unidentified flagchloro",4,12,NA,201,90.1088731242794
"835","YBP1","IC","unidentified flagchloro",4,10,NA,62,42.9643540605523
"836","YBP1","IC","unidentified flagchloro",4,20,NA,60,40.7656534765406
"837","YBP1","FC","unidentified flagchloro",4,12,NA,14,6.34381534396074
"838","YBP1","FC","unidentified flagchloro",4,20,NA,22,28.4836344813598
"839","WLD2","T24","unidentified flagchloro",4,8,NA,46,26.3549794271466
"840","LSZ2","IC","unidentified flagchloro",4,8,NA,2,1.26233250277227
"841","LSZ2","FC","unidentified flagchloro",3,26,NA,25,25.965953575447
"842","LSZ2","FC","unidentified flagchloro",4,26,NA,57,50.2086271630175
"843","LSZ2","T24","unidentified flagchloro",3,26,NA,42,42.2639118455676
"844","LSZ2","T24","unidentified flagchloro",4,26,NA,84,143.620305681338
"845","YBP2","FC","unidentified flagchloro",4,10,NA,76,143.225433630956
"846","YBP2","FC","unidentified flagchloro",4,12,NA,134,249.764481646848
"847","YBP2","T24","unidentified flagchloro",4,8,NA,31,53.2172724392681
"848","YBP2","T24","unidentified flagchloro",4,12,NA,40,55.3940511806612
"849","SJR1","IC","unidentified NA",6,32,NA,30,94.3721350636743
"850","SJR1","IC","unidentified NA",16,40,NA,3,75.6045674572229
"851","SJR1","IC","unidentified NA",32,56,NA,4,559.283602823864
"852","SJR1","FC","unidentified NA",16,80,NA,1,57.3602335637662
"853","SJR1","T24","unidentified NA",8,24,NA,15,72.8048744845905
"854","SJR1","T24","unidentified NA",8,48,NA,14,130.682914365031
"855","SJR1","T24","unidentified NA",16,32,NA,29,579.93337225348
"856","SJR1","T24","unidentified NA",16,80,NA,3,182.671902352167
"857","YBP1","IC","unidentified NA",3,8,NA,18,6.35506392072111
"858","YBP1","IC","unidentified NA",4,8,NA,12,5.11086421224628
"859","YBP1","IC","unidentified NA",6,14,NA,2,3.44129917755213
"860","YBP1","IC","unidentified NA",16,24,NA,1,18.7236199743858
"861","YBP1","IC","unidentified NA",32,32,NA,1,87.1784280077641
"862","WLD2","IC","unidentified NA",8,168,NA,1,46.3395954274194
"863","WLD2","IC","unidentified NA",12,32,NA,48,280.954034594621
"864","WLD2","IC","unidentified NA",16,32,NA,1,23.3298476966425
"865","WLD2","IC","unidentified NA",16,40,NA,7,188.041130420589
"866","WLD2","IC","unidentified NA",20,40,NA,18,660.097810989634
"867","WLD2","FC","unidentified NA",12,32,NA,7,92.8510944693522
"868","WLD2","FC","unidentified NA",16,72,NA,1,52.5878923709967
"869","WLD2","FC","unidentified NA",20,40,NA,13,534.396037875068
"870","WLD2","FC","unidentified NA",24,32,NA,6,282.858861830043
"871","WLD2","FC","unidentified NA",24,40,NA,26,1377.55375786415
"872","WLD2","FC","unidentified NA",32,56,NA,5,689.652935323526
"873","WLD2","T24","unidentified NA",24,40,NA,2,119.541332982076
"874","WLD2","T24","unidentified NA",32,56,NA,1,152.662876256305
"875","LSZ2","IC","unidentified NA",12,32,NA,1,13.0174211192703
"876","LSZ2","FC","unidentified NA",20,40,NA,1,45.4925990733481
"877","SJR2","IC","unidentified NA",10,10,NA,6,18.1511586003043
"878","SJR2","FC","unidentified NA",6,14,NA,7,11.0242654196903
"879","SJR2","FC","unidentified NA",8,48,NA,2,18.4992628722962
"880","SJR2","FC","unidentified NA",12,12,NA,6,30.3691628215899
"881","SJR2","FC","unidentified NA",32,40,NA,1,110.331930433501
"882","SJR2","T24","unidentified NA",2,10,NA,1,0.23933705027589
"883","SJR2","T24","unidentified NA",3,8,NA,28,9.4971261762216
"884","SJR2","T24","unidentified NA",10,10,NA,1,3.36722460200031
"885","SJR2","T24","unidentified NA",10,16,NA,6,18.0721546455696
"886","SJR2","T24","unidentified NA",32,56,NA,1,150.503336113397
"887","YBP2","IC","unidentified NA",2,10,NA,4,1.30363504369198
"888","YBP2","IC","unidentified NA",4,8,NA,6,3.29578918583352
"889","YBP2","IC","unidentified NA",16,32,NA,1,30.428349495807
"890","YBP2","IC","unidentified NA",24,40,NA,5,362.19279019043
"891","YBP2","IC","unidentified NA",40,72,NA,1,362.19279019043
"892","YBP2","FC","unidentified NA",4,8,NA,11,12.9257490376978
"893","YBP2","FC","unidentified NA",8,24,NA,19,401.26955742233
"894","YBP2","FC","unidentified NA",16,24,NA,12,531.64863125847
"895","YBP2","T24","unidentified NA",2,10,2,27,8.7799865119475
"896","YBP2","T24","unidentified NA",4,8,NA,115,69.7308057652958
"897","YBP2","T24","unidentified NA",6,14,NA,2,10.601603246003
"898","YBP2","T24","unidentified NA",16,24,NA,123,1456.60542781058
"899","YBP2","T24","unidentified NA",16,40,NA,11,888.508318514753
"900","SJR1","IC","unidentified rotifer",48,120,NA,2,1275.0066335335
"901","SJR1","FC","unidentified rotifer",56,80,NA,1,835.780099729501
"902","WLD2","IC","unidentified rotifer",40,64,NA,1,260.550545482093
"903","WLD2","IC","unidentified rotifer",48,120,NA,2,1217.94631653072
"904","WLD2","FC","unidentified rotifer",32,48,NA,1,132.090141379809
"905","WLD2","FC","unidentified rotifer",40,112,NA,1,445.038528374967
"906","WLD2","FC","unidentified rotifer",48,120,NA,3,1869.89245957519
"907","YBP2","IC","unidentified rotifer",24,40,NA,3,224.193917153904
"908","YBP2","IC","unidentified rotifer",32,48,NA,1,192.972246017329
"909","YBP2","IC","unidentified rotifer",40,64,NA,1,326.044514655518
"910","YBP2","IC","unidentified rotifer",40,112,NA,1,650.162710764513
"911","YBP2","FC","unidentified rotifer",40,64,NA,3,1206.44274850127
"912","YBP2","FC","unidentified rotifer",48,120,NA,1,1092.79936439745
"913","SJR1","IC","unidentified round",5.5,5.5,NA,448,66.8230493470999
"914","SJR1","IC","unidentified round",9.5,9.5,NA,80,61.7834933111763
"915","SJR1","IC","unidentified round",14,14,NA,1,8.7643601352566
"916","SJR1","IC","unidentified round",24.5,24.5,NA,180,1903.90342065405
"917","SJR1","IC","unidentified round",64,64,NA,1,632.604142151753
"918","SJR1","FC","unidentified round",5.5,5.5,NA,423,73.599219234904
"919","SJR1","FC","unidentified round",9.5,9.5,NA,78,72.2462631737153
"920","SJR1","FC","unidentified round",14,14,NA,15,61.9862872274474
"921","SJR1","FC","unidentified round",24.5,24.5,NA,39,507.613544353846
"922","SJR1","FC","unidentified round",48,48,NA,3,1086.59283649683
"923","SJR1","FC","unidentified round",64,64,NA,1,628.464965649124
"924","SJR1","T24","unidentified round",5.5,5.5,NA,365,61.9793098664535
"925","SJR1","T24","unidentified round",9.5,9.5,NA,44,39.5608739067746
"926","SJR1","T24","unidentified round",14,14,NA,11,31.9918837393799
"927","SJR1","T24","unidentified round",24.5,24.5,NA,205,2407.36483619001
"928","SJR1","T24","unidentified round",40,40,NA,4,697.675376774871
"929","SJR1","T24","unidentified round",48,48,NA,4,1039.69060936739
"930","YBP1","IC","unidentified round",5.5,5.5,NA,534,81.208326352608
"931","YBP1","IC","unidentified round",9.5,9.5,NA,47,38.6806501125327
"932","YBP1","IC","unidentified round",16,16,NA,1,12.8374564168871
"933","YBP1","IC","unidentified round",24.5,24.5,NA,20,250.09450471905
"934","YBP1","FC","unidentified round",5.5,5.5,NA,661,95.3665135413406
"935","YBP1","FC","unidentified round",9.5,9.5,NA,53,41.3677944545917
"936","YBP1","FC","unidentified round",24.5,24.5,NA,23,275.511086287099
"937","YBP1","T24","unidentified round",5.5,5.5,NA,728,107.491225701812
"938","YBP1","T24","unidentified round",9.5,9.5,NA,43,34.9213389061328
"939","YBP1","T24","unidentified round",24.5,24.5,NA,40,464.403713105258
"940","WLD2","IC","unidentified round",5.5,5.5,NA,376,57.9778798504587
"941","WLD2","IC","unidentified round",9.5,9.5,NA,64,51.2180736356798
"942","WLD2","IC","unidentified round",24.5,24.5,NA,49,570.466309589708
"943","WLD2","IC","unidentified round",48,48,NA,4,987.710439651511
"944","WLD2","FC","unidentified round",5.5,5.5,NA,941,142.06347119115
"945","WLD2","FC","unidentified round",9.5,9.5,NA,111,88.8127771178361
"946","WLD2","FC","unidentified round",14,14,NA,10,40.1193849891409
"947","WLD2","FC","unidentified round",24.5,24.5,NA,149,1688.47952930041
"948","WLD2","FC","unidentified round",28,28,NA,8,455.876735933055
"949","WLD2","T24","unidentified round",5.5,5.5,NA,750,108.315518370423
"950","WLD2","T24","unidentified round",9.5,9.5,NA,54,42.3089899880713
"951","WLD2","T24","unidentified round",14,14,NA,11,42.3920794757184
"952","WLD2","T24","unidentified round",24.5,24.5,NA,139,2177.12970345532
"953","WLD2","T24","unidentified round",28,28,NA,5,270.057904158131
"954","LSZ2","IC","unidentified round",5.5,5.5,NA,402,59.3307545509464
"955","LSZ2","IC","unidentified round",9.5,9.5,NA,33,26.3453553737167
"956","LSZ2","IC","unidentified round",24.5,24.5,NA,4,154.317056855707
"957","LSZ2","FC","unidentified round",5.5,5.5,NA,350,54.466900825655
"958","LSZ2","FC","unidentified round",9.5,9.5,NA,63,50.4043772057079
"959","LSZ2","FC","unidentified round",16,16,NA,1,12.6554641230817
"960","LSZ2","FC","unidentified round",24.5,24.5,NA,8,296.17912331412
"961","LSZ2","T24","unidentified round",5.5,5.5,NA,381,59.8714484833732
"962","LSZ2","T24","unidentified round",9.5,9.5,NA,33,27.9335786223764
"963","LSZ2","T24","unidentified round",24.5,24.5,NA,8,156.641731997306
"964","SJR2","IC","unidentified round",5.5,5.5,NA,497,75.7757854238608
"965","SJR2","IC","unidentified round",9.5,9.5,NA,98,76.9477516180325
"966","SJR2","IC","unidentified round",14,14,NA,8,31.9685894122667
"967","SJR2","IC","unidentified round",24.5,24.5,NA,35,421.752340083313
"968","SJR2","IC","unidentified round",28,28,NA,4,225.527150964885
"969","SJR2","FC","unidentified round",5.5,5.5,NA,277,43.644416838184
"970","SJR2","FC","unidentified round",9.5,9.5,NA,53,43.1588867787785
"971","SJR2","FC","unidentified round",24.5,24.5,NA,7,136.562623905185
"972","SJR2","T24","unidentified round",5.5,5.5,NA,146,23.9222136198353
"973","SJR2","T24","unidentified round",9.5,9.5,NA,24,20.5133643017331
"974","SJR2","T24","unidentified round",24.5,24.5,NA,6,117.915764093824
"975","SJR2","T24","unidentified round",80,80,NA,1,1180.93180926977
"976","YBP2","IC","unidentified round",5.5,5.5,NA,312,64.543207601943
"977","YBP2","IC","unidentified round",9.5,9.5,NA,201,198.411080486013
"978","YBP2","IC","unidentified round",14,14,NA,52,162.721287072884
"979","YBP2","IC","unidentified round",24.5,24.5,NA,75,1132.45365743298
"980","YBP2","IC","unidentified round",48,48,NA,1,413.232276860841
"981","YBP2","FC","unidentified round",5.5,5.5,NA,408,192.354561028602
"982","YBP2","FC","unidentified round",9.5,9.5,NA,88,176.615416987309
"983","YBP2","FC","unidentified round",14,14,NA,53,307.487794574238
"984","YBP2","FC","unidentified round",24.5,24.5,NA,106,3804.91450139061
"985","YBP2","FC","unidentified round",28,28,NA,8,1201.05666822144
"986","YBP2","T24","unidentified round",5.5,5.5,NA,707,244.120360610031
"987","YBP2","T24","unidentified round",9.5,9.5,NA,144,218.346626258374
"988","YBP2","T24","unidentified round",14,14,NA,25,171.944266270519
"989","YBP2","T24","unidentified round",24.5,24.5,NA,63,1941.13679803774
"990","YBP2","T24","unidentified round",40,40,NA,2,1001.82593182874
